CHROM	qtl	start	end	length	nSNPs	avgSNPs_Mb	peakDeltaSNP	posPeakDeltaSNP	avgDeltaSNP
6	1	946007	946007	0	1	Inf	0.138710152737721	946007	0.138710152737721
8	2	26150	132714	106564	5	47	-0.354096852618438	132714	-0.253852762082663
8	3	299740	300392	652	4	6135	-0.188766876227549	300392	-0.188758878163962
