CHROM	qtl	start	end	length	nSNPs	avgSNPs_Mb	peakDeltaSNP	posPeakDeltaSNP	avgDeltaSNP
2	1	229557	241490	11933	5	419	-0.231858385423372	229557	-0.203372034813216
2	2	388085	388085	0	1	Inf	-0.176482326746885	388085	-0.176482326746885
5	3	780443	780443	0	1	Inf	0.168411354028051	780443	0.168411354028051
6	4	619172	625691	6519	2	307	0.241163798630142	625691	0.238771636577736
8	5	26150	164995	138845	7	50	-0.256277949776402	132714	-0.189179786664249
