CHROM	qtl	start	end	length	nSNPs	avgSNPs_Mb	peakDeltaSNP	posPeakDeltaSNP	avgDeltaSNP
2	1	750166	750166	0	1	Inf	-0.343865396069089	750166	-0.343865396069089
3	1	908697	908702	5	2	4e+05	-0.24596163677918	908697	-0.245961636778355
4	2	935117	976096	40979	2	49	-0.334747348721148	935117	-0.0148095717964714
7	3	334563	1219760	885197	2	2	-0.522144522144522	334563	-0.440496032464944
8	4	1019097	1019097	0	1	Inf	0.58041958041958	1019097	0.58041958041958
