CHROM	qtl	start	end	length	nSNPs	avgSNPs_Mb	peakDeltaSNP	posPeakDeltaSNP	avgDeltaSNP
1	1	132074	698027	565953	4	7	0.21067435000343	303924	0.171868895122479
5	2	695336	838340	143004	19	133	-0.398053292689915	737858	-0.217684479779728
5	3	895743	902822	7079	3	424	-0.129422971399155	895743	-0.127363829709175
5	4	1009579	1009579	0	1	Inf	-0.135923141186299	1009579	-0.135923141186299
7	5	411487	422683	11196	2	179	0.134879230367243	422683	0.13130414491745
8	6	26150	164995	138845	7	50	-0.315583856281531	81887	-0.232263961862914
8	7	724420	740270	15850	4	252	-0.155625775474143	724426	-0.150771602733303
